hmm	tlen	query	qlen	full_E	full_score	c_E	i_E	dom_score	hmm_from	hmm_to	ali_from	ali_to	env_from	env_to	acc	dom_index	dom_of	qcov	hcov	hmm_file
f41c6d89a0	555	PET.aln	309	9.2e-08	26.5	3.4e-09	1.2e-07	26.1	69	186	107	237	45	308	0.79	1	1	0.42394822006472493	0.2126126126126126	PET.hmm
54b0f51654	548	PET.aln	309	9.6e-08	26.5	3.4e-09	1.2e-07	26.1	69	186	107	237	45	316	0.8	1	1	0.42394822006472493	0.21532846715328466	PET.hmm
03f3222488	548	PET.aln	309	1.2e-07	26.2	4.5e-09	1.6e-07	25.7	68	170	106	218	38	287	0.8	1	1	0.3656957928802589	0.18795620437956204	PET.hmm
e542ce1613	545	PET.aln	309	1.5e-07	25.8	5.8e-09	2.1e-07	25.4	39	185	62	233	12	286	0.73	1	1	0.5566343042071198	0.26972477064220185	PET.hmm
