hmm	tlen	query	qlen	full_E	full_score	c_E	i_E	dom_score	hmm_from	hmm_to	ali_from	ali_to	env_from	env_to	acc	dom_index	dom_of	qcov	hcov	hmm_file
sp|P37957|ESTA_BACSU	212	Lipase_2.aln	342	1e-40	144.8	9.6e-45	2.1e-40	143.7	34	193	28	181	21	212	0.93	1	1	0.4502923976608187	0.7547169811320755	Lipase_2
sp|Q79F14|ESTB_BACSU	210	Lipase_2.aln	342	1.1e-36	131.6	9.2e-41	2e-36	130.6	34	196	26	184	18	188	0.95	1	2	0.4649122807017544	0.7761904761904762	Lipase_2
