hmm	tlen	query	qlen	full_E	full_score	c_E	i_E	dom_score	hmm_from	hmm_to	ali_from	ali_to	env_from	env_to	acc	dom_index	dom_of	qcov	hcov	hmm_file
sp|O06836|STYC_PSEFL	169	PS.aln	168	3.9e-85	288.7	3.1e-90	4.4e-85	288.5	1	167	2	167	2	168	0.98	1	1	0.9880952380952381	0.9881656804733728	PS
sp|Q21EC5|NHAA3_SACD2	397	PS.aln	168	0.64	14.7	0.00041	59.0	8.3	11	50	204	245	199	255	0.86	1	2	0.25	0.10075566750629723	PS
sp|Q21EC5|NHAA3_SACD2	397	PS.aln	168	0.64	14.7	0.0087	1300.0	4.0	111	159	351	396	317	397	0.82	2	2	0.27380952380952384	0.12342569269521411	PS
sp|P86935|GPI10_TRYBB	558	PS.aln	168	1.3	13.7	0.54	78000.0	-1.9	18	36	233	251	221	309	0.7	1	2	0.1130952380952381	0.034050179211469536	PS
sp|P86935|GPI10_TRYBB	558	PS.aln	168	1.3	13.7	2.9e-05	4.1	12.0	51	90	402	441	362	450	0.84	2	2	0.23809523809523808	0.07168458781362007	PS
sp|Q7Z269|SP4_POLDO	277	PS.aln	168	4.8	11.8	5.3e-05	7.6	11.2	126	166	142	182	111	184	0.86	1	1	0.24404761904761904	0.148014440433213	PS
