hmm	tlen	query	qlen	full_E	full_score	c_E	i_E	dom_score	hmm_from	hmm_to	ali_from	ali_to	env_from	env_to	acc	dom_index	dom_of	qcov	hcov	hmm_file
114e6d2abe	545	COesterase.aln	500	1e-65	217.2	3.7e-67	1.5e-65	216.7	8	421	27	477	22	508	0.78	1	1	0.902	0.7596330275229358	COesterase.hmm
e542ce1613	545	COesterase.aln	500	5e-65	215.0	2e-66	8e-65	214.3	8	425	27	481	22	510	0.76	1	1	0.91	0.7669724770642202	COesterase.hmm
03f3222488	548	COesterase.aln	500	5.4e-65	214.8	2e-66	7.8e-65	214.3	8	422	30	481	26	510	0.81	1	1	0.904	0.7572992700729927	COesterase.hmm
f41c6d89a0	555	COesterase.aln	500	2.1e-64	212.9	7.5e-66	3e-64	212.4	8	422	30	481	26	512	0.81	1	1	0.904	0.7477477477477478	COesterase.hmm
54b0f51654	548	COesterase.aln	500	1.9e-63	209.7	7e-65	2.8e-63	209.2	8	422	30	481	26	510	0.81	1	1	0.904	0.7572992700729927	COesterase.hmm
9c28e36175	545	COesterase.aln	500	6.1e-63	208.1	2.2e-64	8.7e-63	207.6	8	421	27	477	22	508	0.78	1	1	0.902	0.7596330275229358	COesterase.hmm
4fd7439f5f	545	COesterase.aln	500	1.4e-62	206.9	5.5e-64	2.2e-62	206.2	9	454	28	507	23	511	0.79	1	1	0.96	0.818348623853211	COesterase.hmm
afb51f2a48	545	COesterase.aln	500	2e-62	206.3	8.1e-64	3.2e-62	205.7	9	454	28	507	23	511	0.79	1	1	0.96	0.818348623853211	COesterase.hmm
59bb4d8994	545	COesterase.aln	500	9.1e-62	204.2	3.6e-63	1.4e-61	203.5	9	453	28	506	23	511	0.78	1	1	0.958	0.8165137614678899	COesterase.hmm
