hmm	tlen	query	qlen	full_E	full_score	c_E	i_E	dom_score	hmm_from	hmm_to	ali_from	ali_to	env_from	env_to	acc	dom_index	dom_of	qcov	hcov	hmm_file
e542ce1613	545	AB_hydrolase.aln	334	1.1e-09	33.1	3.3e-11	1.3e-09	32.9	44	187	20	236	1	334	0.68	1	1	0.6497005988023952	0.26422018348623855	AB_hydrolase.hmm
03f3222488	548	AB_hydrolase.aln	334	1.4e-09	32.8	4.7e-11	1.9e-09	32.4	70	187	108	239	63	324	0.76	1	1	0.39520958083832336	0.21532846715328466	AB_hydrolase.hmm
f41c6d89a0	555	AB_hydrolase.aln	334	1.4e-09	32.8	4.8e-11	1.9e-09	32.4	70	187	108	239	65	329	0.75	1	1	0.39520958083832336	0.2126126126126126	AB_hydrolase.hmm
114e6d2abe	545	AB_hydrolase.aln	334	1.5e-09	32.7	4.4e-11	1.7e-09	32.5	44	187	48	236	1	338	0.67	1	1	0.5658682634730539	0.26422018348623855	AB_hydrolase.hmm
54b0f51654	548	AB_hydrolase.aln	334	2.1e-09	32.3	6.8e-11	2.7e-09	31.9	70	185	108	237	65	318	0.76	1	1	0.38922155688622756	0.2116788321167883	AB_hydrolase.hmm
9c28e36175	545	AB_hydrolase.aln	334	2.2e-09	32.2	7e-11	2.8e-09	31.9	47	187	64	236	6	327	0.69	1	1	0.5179640718562875	0.25871559633027524	AB_hydrolase.hmm
afb51f2a48	545	AB_hydrolase.aln	334	1.9e-08	29.1	5.5e-10	2.2e-08	28.9	46	185	63	234	1	321	0.66	1	1	0.5149700598802395	0.25688073394495414	AB_hydrolase.hmm
4fd7439f5f	545	AB_hydrolase.aln	334	3.1e-08	28.4	9.1e-10	3.6e-08	28.2	46	185	63	234	1	323	0.65	1	1	0.5149700598802395	0.25688073394495414	AB_hydrolase.hmm
59bb4d8994	545	AB_hydrolase.aln	334	3.5e-08	28.2	1e-09	4.1e-08	28.0	46	185	63	234	1	321	0.65	1	1	0.5149700598802395	0.25688073394495414	AB_hydrolase.hmm
