hmm	tlen	query	qlen	full_E	full_score	c_E	i_E	dom_score	hmm_from	hmm_to	ali_from	ali_to	env_from	env_to	acc	dom_index	dom_of	qcov	hcov	hmm_file
sp|O05527|PHB_DELAC	494	E-set.aln	497	5.4e-163	548.3	1e-166	6.1e-163	548.1	9	497	11	494	1	494	0.92	1	1	0.9738430583501007	0.9898785425101214	E-set
sp|B2NHN2|PHAZ_TALFU	339	E-set.aln	497	7.1e-103	349.9	1.4e-106	8.5e-103	349.7	17	344	14	336	3	339	0.95	1	1	0.6498993963782697	0.967551622418879	E-set
sp|P12625|PHB_RALPI	488	E-set.aln	497	1.9e-51	180.3	9.2e-50	5.4e-46	162.3	343	497	336	488	325	488	0.94	3	3	0.30784708249496984	0.3176229508196721	E-set
sp|P20533|CHIA1_NIACI	699	E-set.aln	497	3.4e-11	47.6	1e-09	5.9e-06	30.2	271	441	382	555	368	560	0.76	1	2	0.3501006036217304	0.2446351931330472	E-set
