hmm	tlen	query	qlen	full_E	full_score	c_E	i_E	dom_score	hmm_from	hmm_to	ali_from	ali_to	env_from	env_to	acc	dom_index	dom_of	qcov	hcov	hmm_file
sp|P77931|PVADH_PSESP	639	PVA.aln	502	1.5e-228	764.5	1.4e-232	1.7e-228	764.3	5	502	5	639	1	639	0.95	1	1	1.2649402390438247	0.7793427230046949	PVA
sp|Q588Z1|PVADH_SPHS1	654	PVA.aln	502	3e-220	737.1	3.1e-224	3.5e-220	736.8	6	502	71	654	13	654	0.98	1	1	1.1633466135458168	0.7599388379204893	PVA
sp|Q9LCQ7|OPH_PSESP	379	PVA.aln	502	9.7e-156	524.3	1e-159	1.2e-155	524.0	1	341	1	369	1	375	0.99	1	1	0.7350597609561753	0.899736147757256	PVA
sp|Q588Z2|OPH_SPHS1	364	PVA.aln	502	8.2e-145	488.2	8.6e-149	9.9e-145	488.0	1	341	1	353	1	362	0.99	1	1	0.703187250996016	0.9368131868131868	PVA
