hmm	tlen	query	qlen	full_E	full_score	c_E	i_E	dom_score	hmm_from	hmm_to	ali_from	ali_to	env_from	env_to	acc	dom_index	dom_of	qcov	hcov	hmm_file
sp|Q3C1D4|TPDB2_COMSP	154	NTF2.aln	154	9.6e-109	365.0	3.2e-113	1.1e-108	364.8	1	154	1	154	1	154	1.0	1	1	1.0	1.0	NTF2
sp|Q3C1E2|TPDB1_COMSP	154	NTF2.aln	154	3.6e-108	363.1	1.2e-112	4e-108	362.9	1	154	1	154	1	154	1.0	1	1	1.0	1.0	NTF2
sp|Q84BZ2|ANDAD_BURCE	161	NTF2.aln	154	2.6e-26	97.3	8.5e-31	2.9e-26	97.1	7	154	14	161	8	161	0.91	1	1	0.961038961038961	0.9192546583850931	NTF2
sp|O52380|NAGH_RALSP	161	NTF2.aln	154	2.9e-16	64.6	9.8e-21	3.3e-16	64.5	11	146	14	153	7	161	0.91	1	1	0.9090909090909091	0.84472049689441	NTF2
