hmm	tlen	query	qlen	full_E	full_score	c_E	i_E	dom_score	hmm_from	hmm_to	ali_from	ali_to	env_from	env_to	acc	dom_index	dom_of	qcov	hcov	hmm_file
sp|O05527|PHB_DELAC	494	fn3.aln	498	1.1e-179	603.4	2.7e-183	1.3e-179	603.2	8	498	10	494	1	494	0.92	1	1	0.9738955823293173	0.9939271255060729	fn3
sp|B2NHN2|PHAZ_TALFU	339	fn3.aln	498	2.6e-114	387.8	6.4e-118	3e-114	387.6	13	343	11	336	2	339	0.94	1	1	0.6546184738955824	0.976401179941003	fn3
sp|P12625|PHB_RALPI	488	fn3.aln	498	1.9e-53	187.0	2.9e-52	1.4e-48	171.0	339	498	333	488	325	488	0.95	3	3	0.3132530120481928	0.32786885245901637	fn3
sp|P20533|CHIA1_NIACI	699	fn3.aln	498	1.8e-19	74.9	4.1e-13	1.9e-09	41.8	266	436	377	552	364	559	0.8	1	2	0.3534136546184739	0.2446351931330472	fn3
