query	hmm	tlen	qlen	full_E	full_score	c_E	i_E	dom_score	hmm_from	hmm_to	ali_from	ali_to	env_from	env_to	acc	dom_index	dom_of	qcov	hcov	hmm_file
Abhydrolase_3.aln	4fd7439f5f	545	333	1.4e-08	28.6	7.6e-10	3e-08	27.5	74	183	94	211	74	229	0.78	1	1	0.35435435435435436	0.2018348623853211	Abhydrolase_3.hmm
COesterase.aln	114e6d2abe	545	500	1e-65	217.2	3.7e-67	1.5e-65	216.7	8	421	27	477	22	508	0.78	1	1	0.902	0.7596330275229358	COesterase.hmm
Glyco_hydro_18.aln	59b2a8967d	383	428	6.2e-35	115.3	1.3e-34	1.9e-33	110.4	40	387	20	357	14	365	0.79	1	1	0.7897196261682243	0.9086161879895561	Glyco_hydro_18.hmm
