hmm	tlen	query	qlen	full_E	full_score	c_E	i_E	dom_score	hmm_from	hmm_to	ali_from	ali_to	env_from	env_to	acc	dom_index	dom_of	qcov	hcov	hmm_file
sp|I6WZK7|MMCO_MYCTU	504	Cu-oxidase_2.aln	424	6.1e-102	346.3	5.9e-104	2e-100	341.3	38	423	118	489	97	490	0.93	1	1	0.8773584905660378	0.7658730158730159	Cu-oxidase_2
sp|P59571|COPA_PSESM	589	Cu-oxidase_2.aln	424	3.1e-41	146.3	6e-32	2e-28	104.1	23	289	83	351	77	368	0.75	1	2	0.6344339622641509	0.4533106960950764	Cu-oxidase_2
sp|P12374|COPA_PSEUB	609	Cu-oxidase_2.aln	424	8.2e-40	141.6	3.3e-30	1.1e-26	98.4	23	299	83	362	60	369	0.78	1	4	0.660377358490566	0.4548440065681445	Cu-oxidase_2
sp|Q47452|PCOA_ECOLX	605	Cu-oxidase_2.aln	424	9.4e-38	134.8	2.3e-27	7.7e-24	89.0	23	299	83	362	76	372	0.77	1	3	0.660377358490566	0.4578512396694215	Cu-oxidase_2
sp|P06811|LAC1_NEUCR	619	Cu-oxidase_2.aln	424	2.3e-19	74.3	9e-16	3.1e-12	50.8	199	349	268	426	250	434	0.85	2	4	0.375	0.24394184168012925	Cu-oxidase_2
sp|Q03966|LAC1_CRYPA	591	Cu-oxidase_2.aln	424	4.2e-18	70.1	9e-16	3e-12	50.8	200	349	250	411	232	421	0.75	2	4	0.38207547169811323	0.25380710659898476	Cu-oxidase_2
sp|Q70KY3|LAC1_MELAO	623	Cu-oxidase_2.aln	424	3.1e-15	60.6	9.1e-14	3.1e-10	44.2	200	347	266	428	248	434	0.76	2	4	0.38443396226415094	0.2375601926163724	Cu-oxidase_2
