hmm	tlen	query	qlen	full_E	full_score	c_E	i_E	dom_score	hmm_from	hmm_to	ali_from	ali_to	env_from	env_to	acc	dom_index	dom_of	qcov	hcov	hmm_file
sp|B2NHN2|PHAZ_TALFU	339	Omega_toxin.aln	454	1.9e-169	569.5	4.2e-173	2.2e-169	569.3	55	382	11	337	3	339	0.98	1	1	0.7202643171806168	0.967551622418879	Omega_toxin
sp|O05527|PHB_DELAC	494	Omega_toxin.aln	454	4.1e-74	255.2	7.8e-78	4.1e-74	255.2	54	425	8	381	2	408	0.81	1	1	0.8237885462555066	0.7530364372469636	Omega_toxin
